{
  "Ansi 6 Color" : {
    "Green Component" : 0.570823609828949,
    "Blue Component" : 0.5250227451324463,
    "Red Component" : 0.1467953473329544
  },
  "Tags" : [

  ],
  "Ansi 12 Color" : {
    "Green Component" : 0.5096293091773987,
    "Blue Component" : 0.5168579816818237,
    "Red Component" : 0.4405802488327026
  },
  "Guid" : "087F536E-43F0-416D-A570-2CEF00CB98C4",
  "Normal Font" : "Monaco 12",
  "Bold Color" : {
    "Green Component" : 0.5648583769798279,
    "Blue Component" : 0.5636365413665771,
    "Red Component" : 0.5059919357299805
  },
  "Horizontal Spacing" : 1,
  "Ansi 4 Color" : {
    "Green Component" : 0.462659478187561,
    "Blue Component" : 0.7823141813278198,
    "Red Component" : 0.1275488436222076
  },
  "Link Color" : {
    "Red Component" : 0.023,
    "Color Space" : "Calibrated",
    "Blue Component" : 0.678,
    "Alpha Component" : 1,
    "Green Component" : 0.27
  },
  "Rows" : 25,
  "Default Bookmark" : "No",
  "Cursor Guide Color" : {
    "Red Component" : 0.65,
    "Color Space" : "Calibrated",
    "Blue Component" : 1,
    "Alpha Component" : 0.25,
    "Green Component" : 0.91
  },
  "Non-ASCII Anti Aliased" : true,
  "Use Bright Bold" : true,
  "Ansi 10 Color" : {
    "Green Component" : 0.3566595613956451,
    "Blue Component" : 0.3829848766326904,
    "Red Component" : 0.2767199277877808
  },
  "Ambiguous Double Width" : false,
  "Jobs to Ignore" : [
    "rlogin",
    "ssh",
    "slogin",
    "telnet"
  ],
  "Ansi 15 Color" : {
    "Green Component" : 0.9579439163208008,
    "Blue Component" : 0.8640598058700562,
    "Red Component" : 0.9894341826438904
  },
  "Foreground Color" : {
    "Green Component" : 0.5096293091773987,
    "Blue Component" : 0.5168579816818237,
    "Red Component" : 0.4405802488327026
  },
  "Working Directory" : "\/Users\/olivierlacan",
  "Blinking Cursor" : false,
  "Disable Window Resizing" : true,
  "Sync Title" : false,
  "Prompt Before Closing 2" : false,
  "BM Growl" : true,
  "Command" : "",
  "Description" : "Default",
  "Mouse Reporting" : true,
  "Screen" : -1,
  "Selection Color" : {
    "Green Component" : 0.155759260058403,
    "Blue Component" : 0.1937013864517212,
    "Red Component" : 0
  },
  "Columns" : 80,
  "Idle Code" : 0,
  "Ansi 13 Color" : {
    "Green Component" : 0.3389629721641541,
    "Blue Component" : 0.7290843725204468,
    "Red Component" : 0.3479863405227661
  },
  "Custom Command" : "No",
  "ASCII Anti Aliased" : true,
  "Non Ascii Font" : "Monaco 12",
  "Vertical Spacing" : 1,
  "Use Bold Font" : true,
  "Option Key Sends" : 0,
  "Selected Text Color" : {
    "Green Component" : 0.5648583769798279,
    "Blue Component" : 0.5636365413665771,
    "Red Component" : 0.5059919357299805
  },
  "Background Color" : {
    "Green Component" : 0.1178361028432846,
    "Blue Component" : 0.1517027318477631,
    "Red Component" : 0
  },
  "Character Encoding" : 4,
  "Ansi 11 Color" : {
    "Green Component" : 0.4071767330169678,
    "Blue Component" : 0.4385056495666504,
    "Red Component" : 0.3243661820888519
  },
  "Use Italic Font" : true,
  "Unlimited Scrollback" : true,
  "Keyboard Map" : {
    "0xf700-0x260000" : {
      "Action" : 10,
      "Text" : "[1;6A"
    },
    "0x37-0x40000" : {
      "Action" : 11,
      "Text" : "0x1f"
    },
    "0x32-0x40000" : {
      "Action" : 11,
      "Text" : "0x00"
    },
    "0xf709-0x20000" : {
      "Action" : 10,
      "Text" : "[17;2~"
    },
    "0xf70c-0x20000" : {
      "Action" : 10,
      "Text" : "[20;2~"
    },
    "0xf729-0x20000" : {
      "Action" : 10,
      "Text" : "[1;2H"
    },
    "0xf72b-0x40000" : {
      "Action" : 10,
      "Text" : "[1;5F"
    },
    "0xf705-0x20000" : {
      "Action" : 10,
      "Text" : "[1;2Q"
    },
    "0xf703-0x260000" : {
      "Action" : 10,
      "Text" : "[1;6C"
    },
    "0xf700-0x220000" : {
      "Action" : 10,
      "Text" : "[1;2A"
    },
    "0xf701-0x280000" : {
      "Action" : 11,
      "Text" : "0x1b 0x1b 0x5b 0x42"
    },
    "0x38-0x40000" : {
      "Action" : 11,
      "Text" : "0x7f"
    },
    "0x33-0x40000" : {
      "Action" : 11,
      "Text" : "0x1b"
    },
    "0xf703-0x220000" : {
      "Action" : 10,
      "Text" : "[1;2C"
    },
    "0xf701-0x240000" : {
      "Action" : 10,
      "Text" : "[1;5B"
    },
    "0xf70d-0x20000" : {
      "Action" : 10,
      "Text" : "[21;2~"
    },
    "0xf702-0x260000" : {
      "Action" : 10,
      "Text" : "[1;6D"
    },
    "0xf729-0x40000" : {
      "Action" : 10,
      "Text" : "[1;5H"
    },
    "0xf706-0x20000" : {
      "Action" : 10,
      "Text" : "[1;2R"
    },
    "0x34-0x40000" : {
      "Action" : 11,
      "Text" : "0x1c"
    },
    "0xf700-0x280000" : {
      "Action" : 11,
      "Text" : "0x1b 0x1b 0x5b 0x41"
    },
    "0x2d-0x40000" : {
      "Action" : 11,
      "Text" : "0x1f"
    },
    "0xf70e-0x20000" : {
      "Action" : 10,
      "Text" : "[23;2~"
    },
    "0xf702-0x220000" : {
      "Action" : 10,
      "Text" : "[1;2D"
    },
    "0xf703-0x280000" : {
      "Action" : 11,
      "Text" : "0x1b 0x1b 0x5b 0x43"
    },
    "0xf700-0x240000" : {
      "Action" : 10,
      "Text" : "[1;5A"
    },
    "0xf707-0x20000" : {
      "Action" : 10,
      "Text" : "[1;2S"
    },
    "0xf70a-0x20000" : {
      "Action" : 10,
      "Text" : "[18;2~"
    },
    "0x35-0x40000" : {
      "Action" : 11,
      "Text" : "0x1d"
    },
    "0xf70f-0x20000" : {
      "Action" : 10,
      "Text" : "[24;2~"
    },
    "0xf703-0x240000" : {
      "Action" : 10,
      "Text" : "[1;5C"
    },
    "0xf701-0x260000" : {
      "Action" : 10,
      "Text" : "[1;6B"
    },
    "0xf702-0x280000" : {
      "Action" : 11,
      "Text" : "0x1b 0x1b 0x5b 0x44"
    },
    "0xf72b-0x20000" : {
      "Action" : 10,
      "Text" : "[1;2F"
    },
    "0x36-0x40000" : {
      "Action" : 11,
      "Text" : "0x1e"
    },
    "0xf708-0x20000" : {
      "Action" : 10,
      "Text" : "[15;2~"
    },
    "0xf701-0x220000" : {
      "Action" : 10,
      "Text" : "[1;2B"
    },
    "0xf70b-0x20000" : {
      "Action" : 10,
      "Text" : "[19;2~"
    },
    "0xf702-0x240000" : {
      "Action" : 10,
      "Text" : "[1;5D"
    },
    "0xf704-0x20000" : {
      "Action" : 10,
      "Text" : "[1;2P"
    }
  },
  "Window Type" : 0,
  "Background Image Location" : "",
  "Blur" : false,
  "Badge Color" : {
    "Red Component" : 1,
    "Color Space" : "Calibrated",
    "Blue Component" : 0,
    "Alpha Component" : 0.5,
    "Green Component" : 0
  },
  "Scrollback Lines" : 1000,
  "Send Code When Idle" : false,
  "Close Sessions On End" : true,
  "Terminal Type" : "xterm-256color",
  "Visual Bell" : true,
  "Flashing Bell" : false,
  "Silence Bell" : false,
  "Ansi 14 Color" : {
    "Green Component" : 0.5648583769798279,
    "Blue Component" : 0.5636365413665771,
    "Red Component" : 0.5059919357299805
  },
  "Name" : "Default",
  "Cursor Text Color" : {
    "Green Component" : 0.155759260058403,
    "Blue Component" : 0.1937013864517212,
    "Red Component" : 0
  },
  "Shortcut" : "",
  "Cursor Color" : {
    "Green Component" : 0.5096293091773987,
    "Blue Component" : 0.5168579816818237,
    "Red Component" : 0.4405802488327026
  },
  "Transparency" : 0,
  "Ansi 0 Color" : {
    "Green Component" : 0.155759260058403,
    "Blue Component" : 0.1937013864517212,
    "Red Component" : 0
  },
  "Ansi 2 Color" : {
    "Green Component" : 0.5411549210548401,
    "Blue Component" : 0.02020875550806522,
    "Red Component" : 0.4497745335102081
  },
  "Ansi 3 Color" : {
    "Green Component" : 0.4675142467021942,
    "Blue Component" : 0.02348481118679047,
    "Red Component" : 0.6474647521972656
  },
  "Custom Directory" : "No",
  "Ansi 5 Color" : {
    "Green Component" : 0.1080246344208717,
    "Blue Component" : 0.4351663589477539,
    "Red Component" : 0.7773894071578979
  },
  "Use Non-ASCII Font" : false,
  "Ansi 7 Color" : {
    "Green Component" : 0.8900123834609985,
    "Blue Component" : 0.7978110313415527,